month,month_start_local,month_end_local_exclusive,complete_local_month,n_intervals,scenario,scenario_label,total_pv_production_kwh,site_load_kwh,useful_pv_direct_kwh,additional_useful_pv_kwh,useful_pv_delivered_kwh,useful_self_consumption_pct,self_sufficiency_pct,grid_import_kwh,grid_export_kwh,charge_pv_kwh,total_loss_kwh,stored_throughput_kwh,equivalent_full_cycles,baseline_monthly_peak_kw,monthly_peak_kw,monthly_peak_reduction_kw,monthly_peak_reduction_pct,direct_pv_customer_sales_mwh,direct_pv_customer_sales_eur,battery_customer_sales_mwh,battery_customer_sales_eur,total_customer_sales_mwh,total_customer_sales_eur,export_peak_mwh,export_peak_eur,export_offpeak_mwh,export_offpeak_eur,total_export_mwh,total_export_eur,total_energent_pv_revenue_eur,baseline_total_energent_pv_revenue_eur,revenue_change_eur,revenue_change_pct,extra_customer_sale_eur,foregone_export_eur,battery_grid_injection_revenue_eur,uplift_eur
2024-01,2024-01-01T00:00:00+01:00,2024-02-01T00:00:00+01:00,true,2976,no_battery,No battery,6383.5199999999995,7489.0199999999995,2220.02,0.0,2220.02,34.77736421284809,29.643664992215275,5269.0,4163.5,0.0,0.0,0.0,0.0,115.5,115.5,0.0,0.0,2.22002,288.6026,0.0,0.0,2.22002,288.6026,3.100075,186.0045,1.063425,31.902749999999997,4.1635,217.90725,506.50985,506.50985,-5.684341886080802e-14,-1.1222569286818017e-14,0.0,0.0,0.0,0.0
2024-01,2024-01-01T00:00:00+01:00,2024-02-01T00:00:00+01:00,true,2976,reference,Simple reference controller. Chronological; uses only the current quarter-hour.,6383.5199999999995,7489.0199999999995,2220.02,2084.8120625,4304.8320625,67.43665035121688,57.48191435595045,3184.1879375000003,1820.7165512465374,2342.783448753463,226.86612309556807,4420.1832894736835,22.10091644736842,115.5,115.5,0.0,0.0,2.22002,288.6026,2.0848120625,271.02556812499995,4.3048320625,559.6281681249999,1.2652441828254846,75.91465096952908,0.5554723684210526,16.66417105263158,1.8207165512465373,92.57882202216067,652.2069901471606,506.50985,145.69714014716055,28.76491743391773,271.02556812499995,125.32842797783934,0.0,145.6971401471606
2024-01,2024-01-01T00:00:00+01:00,2024-02-01T00:00:00+01:00,true,2976,self_consumption,Best-case self-consumption using the complete selected period in advance. Not a forecast or expected operational saving.,6383.5199999999995,7489.0199999999995,2220.02,2072.755460249671,4292.775460249672,67.2477795988682,57.32092396935342,3196.2445397503293,1786.541041274602,2376.9589587253977,227.94034058098964,4439.958863683518,22.199794318417588,115.5,65.5,50.0,43.29004329004329,2.22002,288.6026,2.072755460249671,269.4582098324572,4.292775460249672,558.0608098324572,1.2389172185599209,74.33503311359524,0.5476238227146815,16.428714681440443,1.7865410412746021,90.7637477950357,648.8245576274929,506.50985,142.3147076274929,28.097125382160463,269.4582098324572,127.1435022049643,0.0,142.3147076274929
2024-01,2024-01-01T00:00:00+01:00,2024-02-01T00:00:00+01:00,true,2976,peak_reduction,Best-case peak reduction using the complete selected period in advance. Not a forecast or expected operational saving.,6383.5199999999995,7489.0199999999995,2220.02,2073.430460249671,4293.450460249671,67.25835370218424,57.329937164671364,3195.569539750329,1786.5410412746023,2376.9589587253977,227.9758668967791,4440.669389999308,22.20334694999654,115.5,65.5,50.0,43.29004329004329,2.22002,288.6026,2.073430460249671,269.54595983245724,4.293450460249671,558.1485598324573,1.2389172185599209,74.33503311359524,0.5476238227146815,16.42871468144044,1.7865410412746023,90.76374779503568,648.912307627493,506.50985,142.40245762749294,28.114449823136297,269.54595983245724,127.14350220496432,0.0,142.40245762749294
2024-01,2024-01-01T00:00:00+01:00,2024-02-01T00:00:00+01:00,true,2976,revenue,"Best-case Energent PV revenue using the complete selected period in advance. The battery first preserves the best achievable PV supply to the customer. Remaining flexibility may inject stored PV at the configured fixed tariff. The battery never charges from the grid. Not a forecast, profit, or NPV.",6383.5199999999995,7489.0199999999995,2220.02,2072.755460249671,4292.775460249672,67.2477795988682,57.32092396935342,3196.2445397503293,1786.5410412746023,2376.9589587253977,227.94034058098964,4439.958863683519,22.199794318417595,115.5,65.5,50.0,43.29004329004329,2.22002,288.6026,2.072755460249671,269.4582098324572,4.292775460249672,558.0608098324572,1.2389172185599207,74.33503311359524,0.5476238227146815,16.428714681440443,1.7865410412746023,90.76374779503567,648.8245576274929,506.50985,142.3147076274929,28.097125382160463,269.4582098324572,127.1435022049643,0.0,142.3147076274929
2024-01,2024-01-01T00:00:00+01:00,2024-02-01T00:00:00+01:00,true,2976,dynamic_injection,"Dynamic injection tariff. The battery first preserves the best achievable PV supply to the customer. Remaining battery flexibility may inject stored PV at the supplied dynamic price. The battery never charges from the grid. Not a forecast, profit, or NPV.",6383.5199999999995,7489.0199999999995,2220.02,2072.755460249671,4292.775460249672,67.2477795988682,57.32092396935342,3196.2445397503293,1786.5410412746023,2376.9589587253977,227.94034058098964,4439.958863683518,22.199794318417588,115.5,65.5,50.0,43.29004329004329,2.22002,288.6026,2.072755460249671,269.4582098324572,4.292775460249672,558.0608098324572,1.2389172185599209,99.71238082990561,0.5476238227146815,31.606507531855954,1.7865410412746023,131.31888836176157,689.3796981942187,506.50985,182.86984819421872,36.10390759315317,269.4582098324572,171.17832038823843,0.0,98.27988944421878
2024-02,2024-02-01T00:00:00+01:00,2024-03-01T00:00:00+01:00,true,2784,no_battery,No battery,8518.2,6156.225,2345.55,0.0,2345.55,27.53574698880045,38.10045929120525,3810.675,6172.65,0.0,0.0,0.0,0.0,90.2,90.2,0.0,0.0,2.3455500000000002,304.9215,0.0,0.0,2.3455500000000002,304.9215,4.158275,249.49650000000003,2.014375,60.43125,6.17265,309.92774999999995,614.84925,614.84925,0.0,0.0,0.0,0.0,0.0,0.0
2024-02,2024-02-01T00:00:00+01:00,2024-03-01T00:00:00+01:00,true,2784,reference,Simple reference controller. Chronological; uses only the current quarter-hour.,8518.2,6156.225,2345.55,2377.160875,4722.710875000001,55.442592038224035,76.71439680973324,1433.5141250000004,3547.1337950138504,2625.51620498615,256.3895405124656,4996.514999999999,24.982574999999997,90.2,40.2,50.0,55.432372505543235,2.3455500000000002,304.9215,2.377160875,309.03091374999997,4.722710875,613.9524137499999,2.30955540166205,138.57332409972298,1.2375783933518003,37.12735180055401,3.5471337950138504,175.700675900277,789.6530896502769,614.84925,174.80383965027693,28.430357465716504,309.03091374999997,134.22707409972298,0.0,174.80383965027696
2024-02,2024-02-01T00:00:00+01:00,2024-03-01T00:00:00+01:00,true,2784,self_consumption,Best-case self-consumption using the complete selected period in advance. Not a forecast or expected operational saving.,8518.2,6156.225,2345.55,2400.6977333015266,4746.247733301527,55.71890461953848,77.09672296417897,1409.9772666984736,3516.3497922437673,2656.3002077562323,259.1675226668396,5050.535442948975,25.252677214744878,90.2,40.2,50.0,55.432372505543235,2.3455500000000002,304.9215,2.4006977333015267,312.09070532919844,4.7462477333015265,617.0122053291983,2.290035595567867,137.40213573407203,1.2263141966759001,36.78942590027701,3.5163497922437674,174.19156163434903,791.2037669635474,614.84925,176.35451696354744,28.682561939133443,312.09070532919844,135.736188365651,0.0,176.35451696354744
2024-02,2024-02-01T00:00:00+01:00,2024-03-01T00:00:00+01:00,true,2784,peak_reduction,Best-case peak reduction using the complete selected period in advance. Not a forecast or expected operational saving.,8518.2,6156.225,2345.55,2405.66401860687,4751.21401860687,55.77720667050398,77.17739391602598,1405.0109813931301,3516.3497922437673,2656.3002077562332,259.42890610396296,5055.763111691442,25.278815558457207,90.2,40.2,50.0,55.432372505543235,2.3455500000000002,304.9215,2.4056640186068696,312.73632241889305,4.75121401860687,617.6578224188931,2.290035595567867,137.402135734072,1.2263141966759001,36.78942590027701,3.5163497922437674,174.19156163434903,791.8493840532421,614.84925,177.00013405324216,28.78756606651828,312.73632241889305,135.73618836565097,0.0,177.0001340532421
2024-02,2024-02-01T00:00:00+01:00,2024-03-01T00:00:00+01:00,true,2784,revenue,"Best-case Energent PV revenue using the complete selected period in advance. The battery first preserves the best achievable PV supply to the customer. Remaining flexibility may inject stored PV at the configured fixed tariff. The battery never charges from the grid. Not a forecast, profit, or NPV.",8518.2,6156.225,2345.55,2400.6977333015266,4746.247733301527,55.71890461953848,77.09672296417897,1409.9772666984736,3516.3497922437673,2656.300207756233,259.1675226668396,5050.535442948976,25.25267721474488,90.2,40.2,50.0,55.432372505543235,2.3455500000000002,304.9215,2.4006977333015267,312.09070532919844,4.7462477333015265,617.0122053291983,2.290035595567867,137.402135734072,1.2263141966759001,36.78942590027701,3.5163497922437674,174.19156163434903,791.2037669635474,614.84925,176.35451696354744,28.682561939133443,312.09070532919844,135.736188365651,0.0,176.35451696354744
2024-02,2024-02-01T00:00:00+01:00,2024-03-01T00:00:00+01:00,true,2784,dynamic_injection,"Dynamic injection tariff. The battery first preserves the best achievable PV supply to the customer. Remaining battery flexibility may inject stored PV at the supplied dynamic price. The battery never charges from the grid. Not a forecast, profit, or NPV.",8518.2,6156.225,2345.55,2400.6977333015266,4746.247733301527,55.71890461953848,77.09672296417897,1409.9772666984736,3515.7377231648197,2662.57783933518,259.77959174578695,5062.462942948975,25.312314714744875,90.2,40.2,50.0,55.432372505543235,2.3455500000000002,304.9215,2.4006977333015267,312.09070532919844,4.7462477333015265,617.0122053291983,2.2899061514889194,150.25062909557823,1.2258315716759003,68.98560013108033,3.5157377231648197,219.2362292266586,836.2484345558571,614.84925,221.39918455585712,36.008693928773134,312.09070532919844,147.33525179709142,0.0,164.755453532107
2024-03,2024-03-01T00:00:00+01:00,2024-04-01T00:00:00+02:00,true,2972,no_battery,No battery,19610.32,6254.67,3218.945,0.0,3218.945,16.414546014547444,51.46466560186229,3035.7250000000004,16391.375,0.0,0.0,0.0,0.0,18.7,18.7,0.0,0.0,3.218945,418.46285,0.0,0.0,3.218945,418.46285,11.655325,699.3195000000001,4.73605,142.0815,16.391375,841.401,1259.8638500000002,1259.8638500000002,2.2737367544323206e-13,1.804747992755186e-14,0.0,0.0,0.0,0.0
2024-03,2024-03-01T00:00:00+01:00,2024-04-01T00:00:00+02:00,true,2972,reference,Simple reference controller. Chronological; uses only the current quarter-hour.,19610.32,6254.67,3218.945,2703.2861875,5922.2311875,30.19956424729428,94.68495040505734,332.4388125000005,13340.96648199446,3050.4085180055417,294.7986462950141,5743.452500000001,28.717262500000007,18.7,17.6,1.0999999999999979,5.8823529411764595,3.218945,418.46285,2.7032861875,351.4272043749999,5.9222311874999995,769.890054375,9.576098753462604,574.5659252077562,3.7648677285318555,112.94603185595567,13.340966481994458,687.5119570637119,1457.4020114387117,1259.8638500000002,197.53816143871177,15.67932609850753,351.4272043749999,153.88904293628815,0.0,197.5381614387118
2024-03,2024-03-01T00:00:00+01:00,2024-04-01T00:00:00+02:00,true,2972,self_consumption,Best-case self-consumption using the complete selected period in advance. Not a forecast or expected operational saving.,19610.32,6254.67,3218.945,2766.0402041970683,5984.985204197068,30.51956930940988,95.68826499554841,269.6847958029314,13339.04591412898,3052.3290858710207,298.1975176723445,5811.333899153331,29.056669495766656,18.7,3.223591603053432,15.476408396946567,82.76154222966079,3.218945,418.46285,2.7660402041970684,359.58522654561887,5.984985204197068,778.0480765456189,9.5858430747938,575.150584487628,3.7532028393351795,112.59608518005538,13.33904591412898,687.7466696676834,1465.7947462133025,1259.8638500000002,205.9308962133025,16.34548814249274,359.58522654561887,153.65433033231665,0.0,205.93089621330225
2024-03,2024-03-01T00:00:00+01:00,2024-04-01T00:00:00+02:00,true,2972,peak_reduction,Best-case peak reduction using the complete selected period in advance. Not a forecast or expected operational saving.,19610.32,6254.67,3218.945,2760.398918893129,5979.34391889313,30.490802388197285,95.59807182302391,275.3260811068705,13337.44113573407,3053.9338642659286,297.9808468392509,5806.920243571716,29.03460121785858,18.7,3.223591603053432,15.476408396946567,82.76154222966079,3.218945,418.46285,2.760398918893129,358.8518594561068,5.97934391889313,777.3147094561068,9.557867243767312,573.4720346260387,3.779573891966758,113.38721675900274,13.337441135734071,686.8592513850415,1464.1739608411485,1259.8638500000002,204.31011084114857,16.216840481703525,358.8518594561068,154.5417486149585,0.0,204.31011084114834
2024-03,2024-03-01T00:00:00+01:00,2024-04-01T00:00:00+02:00,true,2972,revenue,"Best-case Energent PV revenue using the complete selected period in advance. The battery first preserves the best achievable PV supply to the customer. Remaining flexibility may inject stored PV at the configured fixed tariff. The battery never charges from the grid. Not a forecast, profit, or NPV.",19610.32,6254.67,3218.945,2766.0402041970683,5984.985204197068,30.51956930940988,95.68826499554841,269.6847958029314,13323.671952910143,3067.703047089858,298.9662157332863,5825.939162311226,29.12969581155613,18.7,3.223591603053432,15.476408396946567,82.76154222966079,3.218945,418.46285,2.7660402041970684,359.58522654561887,5.984985204197068,778.0480765456189,9.602979016622054,576.1787409973233,3.720692936288088,111.62078808864266,13.323671952910143,687.7995290859659,1465.8476056315849,1259.8638500000002,205.98375563158493,16.3496837877827,359.58522654561887,153.6014709140341,0.0,205.98375563158478
2024-03,2024-03-01T00:00:00+01:00,2024-04-01T00:00:00+02:00,true,2972,dynamic_injection,"Dynamic injection tariff. The battery first preserves the best achievable PV supply to the customer. Remaining battery flexibility may inject stored PV at the supplied dynamic price. The battery never charges from the grid. Not a forecast, profit, or NPV.",19610.32,6254.67,3218.945,2766.0402041970683,5984.985204197068,30.51956930940988,95.68826499554841,269.6847958029314,13308.508085903553,3365.5375804907526,328.7353458977683,6406.430038930822,32.03215019465411,18.7,3.223591603053432,15.476408396946567,82.76154222966079,3.218945,418.46285,2.7660402041970684,359.58522654561887,5.984985204197068,778.0480765456189,9.575994574274256,513.4286572252176,3.732513511629298,121.5543335333612,13.308508085903552,634.9829907585788,1413.0310673041977,1259.8638500000002,153.1672173041975,12.157442036629392,359.58522654561887,134.18601490101503,0.0,225.39921164460384
2024-04,2024-04-01T00:00:00+02:00,2024-05-01T00:00:00+02:00,true,2880,no_battery,No battery,30594.84,6099.765,3643.465,0.0,3643.465,11.908756509267576,59.731235547598956,2456.3,26951.375,0.0,0.0,0.0,0.0,84.7,84.7,0.0,0.0,3.643465,473.65045000000003,0.0,0.0,3.643465,473.65045000000003,18.572400000000002,1114.344,8.378974999999999,251.36925000000002,26.951375,1365.71325,1839.3636999999999,1839.3636999999999,-2.2737367544323206e-13,-1.2361539778306599e-14,0.0,0.0,0.0,0.0
2024-04,2024-04-01T00:00:00+02:00,2024-05-01T00:00:00+02:00,true,2880,reference,Simple reference controller. Chronological; uses only the current quarter-hour.,30594.84,6099.765,3643.465,2367.8695625,6011.3345625,19.648197416623194,98.55026484626866,88.43043750000002,24321.602631578942,2629.772368421054,256.1133322368424,4990.77802631579,24.95389013157895,84.7,34.7,50.0,59.031877213695395,3.643465,473.65045000000003,2.3678695625,307.82304312499997,6.0113345625,781.473493125,16.571409418282546,994.2845650969529,7.750193213296399,232.50579639889196,24.32160263157894,1226.7903614958448,2008.2638546208448,1839.3636999999999,168.90015462084466,9.182531688585822,307.82304312499997,138.9228885041552,0.0,168.90015462084477
2024-04,2024-04-01T00:00:00+02:00,2024-05-01T00:00:00+02:00,true,2880,self_consumption,Best-case self-consumption using the complete selected period in advance. Not a forecast or expected operational saving.,30594.84,6099.765,3643.465,2407.0873125,6050.5523125,19.77638161369695,99.19320354964493,49.2126875,24307.09542936288,2644.27957063712,258.90278445290886,5045.841710526316,25.22920855263158,84.7,34.7,50.0,59.031877213695395,3.643465,473.65045000000003,2.4070873125,312.92135062499995,6.0505523125,786.5718006249999,16.519413088642658,991.1647853185596,7.787682340720223,233.63047022160666,24.307095429362878,1224.7952555401662,2011.367056165166,1839.3636999999999,172.003356165166,9.351242289122373,312.92135062499995,140.91799445983384,0.0,172.00335616516617
2024-04,2024-04-01T00:00:00+02:00,2024-05-01T00:00:00+02:00,true,2880,peak_reduction,Best-case peak reduction using the complete selected period in advance. Not a forecast or expected operational saving.,30594.84,6099.765,3643.465,2407.0873125,6050.5523125,19.77638161369695,99.19320354964493,49.212687499999994,24301.30858725762,2650.0664127423834,259.19212655817205,5051.3392105263165,25.256696052631582,84.7,34.7,50.0,59.031877213695395,3.643465,473.65045000000003,2.4070873125,312.92135062499995,6.0505523125,786.5718006249999,16.544712603878118,992.6827562326869,7.756595983379501,232.69787950138502,24.30130858725762,1225.380635734072,2011.952436359072,1839.3636999999999,172.58873635907185,9.383067435715505,312.92135062499995,140.33261426592802,0.0,172.588736359072
2024-04,2024-04-01T00:00:00+02:00,2024-05-01T00:00:00+02:00,true,2880,revenue,"Best-case Energent PV revenue using the complete selected period in advance. The battery first preserves the best achievable PV supply to the customer. Remaining flexibility may inject stored PV at the configured fixed tariff. The battery never charges from the grid. Not a forecast, profit, or NPV.",30594.84,6099.765,3643.465,2407.0873125,6050.5523125,19.77638161369695,99.19320354964493,49.2126875,24278.14806094183,2673.2269390581723,260.3501528739615,5073.341710526316,25.36670855263158,84.7,34.7,50.0,59.031877213695395,3.643465,473.65045000000003,2.4070873125,312.92135062499995,6.0505523125,786.5718006249999,16.64139293628809,998.4835761772854,7.63675512465374,229.1026537396122,24.278148060941827,1227.5862299168973,2014.1580305418977,1839.3636999999999,174.79433054189758,9.502978151732448,312.92135062499995,138.12702008310256,0.0,174.79433054189744
2024-04,2024-04-01T00:00:00+02:00,2024-05-01T00:00:00+02:00,true,2880,dynamic_injection,"Dynamic injection tariff. The battery first preserves the best achievable PV supply to the customer. Remaining battery flexibility may inject stored PV at the supplied dynamic price. The battery never charges from the grid. Not a forecast, profit, or NPV.",30594.84,6099.765,3643.465,2407.0873125,6050.5523125,19.77638161369695,99.19320354964493,49.2126875,24131.720540850365,4442.996375893663,434.2776729654221,8463.403640513749,42.31701820256874,84.7,34.7,50.0,59.031877213695395,3.643465,473.65045000000003,2.4070873125,312.92135062499995,6.0505523125,786.5718006249999,16.24049788076949,792.5107711224886,7.891222660080877,7.518409104130917,24.131720540850367,800.0291802266194,1586.6009808516194,1839.3636999999999,-252.76271914838048,-13.741856444616174,312.92135062499995,48.00366813723625,0.0,264.9176824877637
2024-05,2024-05-01T00:00:00+02:00,2024-06-01T00:00:00+02:00,true,2976,no_battery,No battery,35012.759999999995,5450.535,3607.76,0.0,3607.76,10.304129123211082,66.19093355055972,1842.775,31404.999999999996,0.0,0.0,0.0,0.0,122.1,122.1,0.0,0.0,3.6077600000000003,469.0088,0.0,0.0,3.6077600000000003,469.0088,21.220375,1273.2224999999999,10.184625,305.53875,31.404999999999998,1578.76125,2047.77005,2047.77005,0.0,0.0,0.0,0.0,0.0,0.0
2024-05,2024-05-01T00:00:00+02:00,2024-06-01T00:00:00+02:00,true,2976,reference,Simple reference controller. Chronological; uses only the current quarter-hour.,35012.759999999995,5450.535,3607.76,1797.5,5405.26,15.437971756582462,99.16934759615341,45.275,29419.09972299169,1985.900277008312,193.9002770083105,3778.7105263157914,18.893552631578956,122.1,72.1,50.0,40.95004095004095,3.6077600000000003,469.0088,1.7975,233.67499999999998,5.40526,702.6837999999999,19.9782175900277,1198.6930554016621,9.440882132963988,283.2264639889196,29.41909972299169,1481.9195193905816,2184.603319390582,2047.77005,136.8332693905818,6.682062245738079,233.67499999999998,96.84173060941839,0.0,136.8332693905816
2024-05,2024-05-01T00:00:00+02:00,2024-06-01T00:00:00+02:00,true,2976,self_consumption,Best-case self-consumption using the complete selected period in advance. Not a forecast or expected operational saving.,35012.759999999995,5450.535,3607.76,1816.2,5423.96,15.491380856579145,99.51243318316459,26.575,29387.380263157895,2017.6197368421049,196.47046052631592,3828.5282236842104,19.142641118421054,122.1,72.1,50.0,40.95004095004095,3.6077600000000003,469.0088,1.8162,236.106,5.42396,705.1148000000001,19.72774591412742,1183.6647548476453,9.65963434903047,289.7890304709141,29.387380263157894,1473.4537853185595,2178.5685853185596,2047.77005,130.79853531855952,6.3873644073737434,236.106,105.30746468144042,0.0,130.79853531855957
2024-05,2024-05-01T00:00:00+02:00,2024-06-01T00:00:00+02:00,true,2976,peak_reduction,Best-case peak reduction using the complete selected period in advance. Not a forecast or expected operational saving.,35012.759999999995,5450.535,3607.76,1816.2,5423.96,15.491380856579145,99.51243318316459,26.575,29394.77188365651,2010.2281163434905,196.10087950138518,3821.5061842105265,19.107530921052632,122.1,72.1,50.0,40.95004095004095,3.6077600000000003,469.0088,1.8162,236.106,5.42396,705.1148000000001,19.778948060941833,1186.7368836565097,9.615823822714681,288.47471468144045,29.39477188365651,1475.2115983379501,2180.32639833795,2047.77005,132.5563483379501,6.473204759389371,236.106,103.54965166204985,0.0,132.5563483379501
2024-05,2024-05-01T00:00:00+02:00,2024-06-01T00:00:00+02:00,true,2976,revenue,"Best-case Energent PV revenue using the complete selected period in advance. The battery first preserves the best achievable PV supply to the customer. Remaining flexibility may inject stored PV at the configured fixed tariff. The battery never charges from the grid. Not a forecast, profit, or NPV.",35012.759999999995,5450.535,3607.76,1816.2,5423.96,15.491380856579145,99.51243318316459,26.575,29431.701592797785,1973.2984072022164,194.2543940443215,3786.422960526316,18.932114802631578,122.1,72.1,50.0,40.95004095004095,3.6077600000000003,469.0088,1.8162,236.106,5.42396,705.1148000000001,20.248977631578946,1214.938657894737,9.182723961218837,275.4817188365651,29.431701592797786,1490.420376731302,2195.535176731302,2047.77005,147.76512673130173,7.215904282382767,236.106,88.34087326869808,0.0,147.7651267313019
2024-05,2024-05-01T00:00:00+02:00,2024-06-01T00:00:00+02:00,true,2976,dynamic_injection,"Dynamic injection tariff. The battery first preserves the best achievable PV supply to the customer. Remaining battery flexibility may inject stored PV at the supplied dynamic price. The battery never charges from the grid. Not a forecast, profit, or NPV.",35012.759999999995,5450.535,3607.76,1816.2,5423.96,15.491380856579145,99.51243318316459,26.575,29138.406094754315,4571.200951237801,445.44462892989657,8680.332531036032,43.40166265518016,122.1,72.1,50.0,40.95004095004095,3.6077600000000003,469.0088,1.8162,236.106,5.42396,705.1148000000001,18.927611198572144,658.9176918892999,10.210794896182172,101.7930855881003,29.138406094754316,760.7107774774001,1465.8255774774002,2047.77005,-581.9444725225999,-28.418448278535955,236.106,22.542347558715928,0.0,213.56365244128403
2024-06,2024-06-01T00:00:00+02:00,2024-07-01T00:00:00+02:00,true,2880,no_battery,No battery,40156.479999999996,4712.555,3414.555,0.0,3414.555,8.503123281721905,72.45655488370957,1298.0,36741.925,0.0,0.0,0.0,0.0,77.0,77.0,0.0,0.0,3.414555,443.89215,0.0,0.0,3.414555,443.89215,23.821875,1429.3125,12.92005,387.6015,36.741925,1816.9139999999998,2260.8061500000003,2260.8061500000003,4.547473508864641e-13,2.0114389324642633e-14,0.0,0.0,0.0,0.0
2024-06,2024-06-01T00:00:00+02:00,2024-07-01T00:00:00+02:00,true,2880,reference,Simple reference controller. Chronological; uses only the current quarter-hour.,40156.479999999996,4712.555,3414.555,1269.25,4683.805,11.663883388185422,99.3899275446122,28.750000000000004,35319.40422437673,1422.5207756232699,137.92867036011097,2687.4473684210534,13.437236842105268,77.0,27.0,50.0,64.93506493506493,3.414555,443.89215,1.26925,165.0025,4.683805,608.8946500000001,23.353591620498612,1401.215497229917,11.965812603878115,358.9743781163435,35.31940422437673,1760.1898753462606,2369.0845253462603,2260.8061500000003,108.27837534626042,4.789370169851158,165.0025,56.724124653739665,0.0,108.27837534626033
2024-06,2024-06-01T00:00:00+02:00,2024-07-01T00:00:00+02:00,true,2880,self_consumption,Best-case self-consumption using the complete selected period in advance. Not a forecast or expected operational saving.,40156.479999999996,4712.555,3414.555,1291.25,4705.805,11.718669066611417,99.8567655974307,6.75,35331.927008310246,1409.9979916897507,138.4604259002771,2698.7086184210525,13.493543092105263,77.0,27.0,50.0,64.93506493506493,3.414555,443.89215,1.29125,167.8625,4.705805000000001,611.75465,22.980010041551242,1378.8006024930746,12.351916966759003,370.5575090027701,35.331927008310245,1749.3581114958447,2361.112761495845,2260.8061500000003,100.30661149584512,4.436763032330088,167.8625,67.55588850415512,0.0,100.30661149584486
2024-06,2024-06-01T00:00:00+02:00,2024-07-01T00:00:00+02:00,true,2880,peak_reduction,Best-case peak reduction using the complete selected period in advance. Not a forecast or expected operational saving.,40156.479999999996,4712.555,3414.555,1291.25,4705.805,11.718669066611417,99.8567655974307,6.75,35295.81426592798,1446.1107340720223,140.26606301939069,2733.0157236842106,13.665078618421052,77.0,27.0,50.0,64.93506493506493,3.414555,443.89215,1.29125,167.8625,4.705805000000001,611.75465,22.958378047091415,1377.5026828254845,12.337436218836567,370.12308656509697,35.29581426592797,1747.6257693905816,2359.3804193905817,2260.8061500000003,98.57426939058178,4.360138059186622,167.8625,69.2882306094183,0.0,98.57426939058169
2024-06,2024-06-01T00:00:00+02:00,2024-07-01T00:00:00+02:00,true,2880,revenue,"Best-case Energent PV revenue using the complete selected period in advance. The battery first preserves the best achievable PV supply to the customer. Remaining flexibility may inject stored PV at the configured fixed tariff. The battery never charges from the grid. Not a forecast, profit, or NPV.",40156.479999999996,4712.555,3414.555,1291.25,4705.805,11.718669066611417,99.8567655974307,6.75,35243.75094010096,1668.563434861937,160.35655989903898,3123.70302623768,15.618515131188401,77.0,27.0,50.0,64.93506493506493,3.414555,443.89215,1.29125,167.8625,4.705805000000001,611.75465,23.95068764366096,1437.0412586196576,11.293063296440002,338.7918988932,35.24375094010096,1775.8331575128575,2387.5878075128576,2260.8061500000003,126.78165751285769,5.607807529754716,167.8625,51.30420498491628,10.22336249777388,126.78165751285758
2024-06,2024-06-01T00:00:00+02:00,2024-07-01T00:00:00+02:00,true,2880,dynamic_injection,"Dynamic injection tariff. The battery first preserves the best achievable PV supply to the customer. Remaining battery flexibility may inject stored PV at the supplied dynamic price. The battery never charges from the grid. Not a forecast, profit, or NPV.",40156.479999999996,4712.555,3414.555,1291.25,4705.805,11.718669066611417,99.8567655974307,6.75,35000.282693969515,4413.205702876737,429.22941129364017,8363.927940728958,41.81963970364479,77.0,27.0,50.0,64.93506493506493,3.414555,443.89215,1.29125,167.8625,4.705805000000001,611.75465,21.742545809104282,1143.260358699374,13.257736884865237,281.8026996080637,35.00028269396952,1425.0630583074376,2036.817708307438,2260.8061500000003,-223.98844169256245,-9.90745896956103,167.8625,36.385215853203796,0.0,131.4772841467962
2024-07,2024-07-01T00:00:00+02:00,2024-08-01T00:00:00+02:00,true,2976,no_battery,No battery,39877.06,5023.285,3580.91,0.0,3580.91,8.97987464472055,71.28622007311948,1442.375,36296.149999999994,0.0,0.0,0.0,0.0,60.5,60.5,0.0,0.0,3.58091,465.51829999999995,0.0,0.0,3.58091,465.51829999999995,25.49635,1529.781,10.799800000000001,323.994,36.29615,1853.775,2319.2933,2319.2933,-4.547473508864641e-13,-1.9607151492502653e-14,0.0,0.0,0.0,0.0
2024-07,2024-07-01T00:00:00+02:00,2024-08-01T00:00:00+02:00,true,2976,reference,Simple reference controller. Chronological; uses only the current quarter-hour.,39877.06,5023.285,3580.91,1411.0249999999999,4991.9349999999995,12.518312533571931,99.37590640387714,31.35,34737.86745152355,1558.2825484764553,152.17860110803343,2965.6578947368434,14.828289473684217,60.5,42.9,17.6,29.090909090909093,3.58091,465.51829999999995,1.411025,183.43325,4.991935,648.95155,24.744886288088644,1484.6931772853186,9.992981163434903,299.7894349030471,34.73786745152355,1784.4826121883657,2433.4341621883655,2319.2933,114.14086218836519,4.9213638563249065,183.43325,69.29238781163441,0.0,114.14086218836559
2024-07,2024-07-01T00:00:00+02:00,2024-08-01T00:00:00+02:00,true,2976,self_consumption,Best-case self-consumption using the complete selected period in advance. Not a forecast or expected operational saving.,39877.06,5023.285,3580.91,1439.75,5020.66,12.590346429751841,99.94774335917631,2.625,34673.10090027701,1623.0490997229915,156.92877077562338,3057.422960526316,15.28711480263158,60.5,10.5,50.0,82.64462809917356,3.58091,465.51829999999995,1.43975,187.16749999999996,5.0206599999999995,652.6858,24.493974030470913,1469.6384418282548,10.179126869806096,305.37380609418284,34.67310090027701,1775.0122479224376,2427.6980479224376,2319.2933,108.40474792243731,4.674042214602064,187.16749999999996,78.76275207756233,0.0,108.40474792243768
2024-07,2024-07-01T00:00:00+02:00,2024-08-01T00:00:00+02:00,true,2976,peak_reduction,Best-case peak reduction using the complete selected period in advance. Not a forecast or expected operational saving.,39877.06,5023.285,3580.91,1439.75,5020.66,12.590346429751841,99.94774335917631,2.625,34682.79667590028,1613.353324099723,156.44398199446,3048.2119736842105,15.241059868421052,60.5,10.5,50.0,82.64462809917356,3.58091,465.51829999999995,1.43975,187.16749999999996,5.0206599999999995,652.6858,24.4236216066482,1465.4172963988922,10.259175069252079,307.7752520775623,34.68279667590028,1773.1925484764542,2425.8783484764544,2319.2933,106.58504847645418,4.595582994029007,187.16749999999996,80.5824515235457,0.0,106.58504847645429
2024-07,2024-07-01T00:00:00+02:00,2024-08-01T00:00:00+02:00,true,2976,revenue,"Best-case Energent PV revenue using the complete selected period in advance. The battery first preserves the best achievable PV supply to the customer. Remaining flexibility may inject stored PV at the configured fixed tariff. The battery never charges from the grid. Not a forecast, profit, or NPV.",39877.06,5023.285,3580.91,1439.75,5020.66,12.590346429751841,99.94774335917631,2.625,34706.365165685595,1624.152146814405,158.7927290512467,3094.646973684211,15.473234868421054,60.5,10.5,50.0,82.64462809917356,3.58091,465.51829999999995,1.43975,187.16749999999996,5.0206599999999995,652.6858,25.260551038261774,1515.6330622957066,9.445814127423823,283.3744238227147,34.7063651656856,1799.0074861184212,2451.693286118421,2319.2933,132.39998611842066,5.708634872459669,187.16749999999996,56.82955263157898,2.06203875,132.399986118421
2024-07,2024-07-01T00:00:00+02:00,2024-08-01T00:00:00+02:00,true,2976,dynamic_injection,"Dynamic injection tariff. The battery first preserves the best achievable PV supply to the customer. Remaining battery flexibility may inject stored PV at the supplied dynamic price. The battery never charges from the grid. Not a forecast, profit, or NPV.",39877.06,5023.285,3580.91,1439.75,5020.66,12.590346429751841,99.94774335917631,2.625,34403.2670405723,4788.848301822576,467.6379594277016,9113.316773462895,45.56658386731448,60.5,10.5,50.0,82.64462809917356,3.58091,465.51829999999995,1.43975,187.16749999999996,5.0206599999999995,652.6858,23.160333984898315,958.8882858165698,11.242933055673983,219.43775668835815,34.403267040572295,1178.326042504928,1831.0118425049282,2319.2933,-488.28145749507166,-21.05302755348242,187.16749999999996,12.278570186634795,0.0,174.88892981336517
2024-08,2024-08-01T00:00:00+02:00,2024-09-01T00:00:00+02:00,true,2976,no_battery,No battery,37092.44,6602.365,3981.0650000000005,0.0,3981.0650000000005,10.732820488487683,60.29756004098532,2621.3,33111.375,0.0,0.0,0.0,0.0,143.0,143.0,0.0,0.0,3.9810650000000005,517.53845,0.0,0.0,3.9810650000000005,517.53845,23.0043,1380.258,10.107075,303.21225000000004,33.111375,1683.47025,2201.0087000000003,2201.0087000000003,0.0,0.0,0.0,0.0,0.0,0.0
2024-08,2024-08-01T00:00:00+02:00,2024-09-01T00:00:00+02:00,true,2976,reference,Simple reference controller. Chronological; uses only the current quarter-hour.,37092.44,6602.365,3981.0650000000005,2224.4355,6205.5005,16.72982553857336,93.98905543695328,396.8645,30649.673614958447,2461.7013850415515,240.16062188365675,4680.127368421054,23.400636842105268,143.0,143.0,0.0,0.0,3.9810650000000005,517.53845,2.2244355000000002,289.17661499999997,6.2055005,806.7150649999999,21.27603324099723,1276.5619944598338,9.373640373961218,281.2092112188366,30.649673614958445,1557.7712056786704,2364.4862706786703,2201.0087000000003,163.47757067866996,7.427393207426665,289.17661499999997,125.69904432132967,0.0,163.47757067867033
2024-08,2024-08-01T00:00:00+02:00,2024-09-01T00:00:00+02:00,true,2976,self_consumption,Best-case self-consumption using the complete selected period in advance. Not a forecast or expected operational saving.,37092.44,6602.365,3981.0650000000005,2242.26375,6223.328750000001,16.7778899150339,94.259083676834,379.0362500000001,30644.2703601108,2467.1046398891963,241.36911357340745,4704.0270394736835,23.52013519736842,143.0,93.0,50.0,34.96503496503497,3.9810650000000005,517.53845,2.24226375,291.4942875,6.22332875,809.0327374999999,21.29982617728532,1277.989570637119,9.344444182825486,280.3333254847646,30.644270360110802,1558.3228961218838,2367.3556336218835,2201.0087000000003,166.34693362188318,7.557759023028085,291.4942875,125.14735387811635,0.0,166.34693362188364
2024-08,2024-08-01T00:00:00+02:00,2024-09-01T00:00:00+02:00,true,2976,peak_reduction,Best-case peak reduction using the complete selected period in advance. Not a forecast or expected operational saving.,37092.44,6602.365,3981.0650000000005,2242.26375,6223.328750000001,16.7778899150339,94.259083676834,379.0362500000001,30619.052977839336,2492.3220221606653,242.62998268698087,4727.983552631579,23.639917763157897,143.0,93.0,50.0,34.96503496503497,3.9810650000000005,517.53845,2.24226375,291.4942875,6.22332875,809.0327374999999,21.250339058171743,1275.0203434903046,9.36871391966759,281.06141759002765,30.619052977839335,1556.0817610803324,2365.114498580332,2201.0087000000003,164.1057985803318,7.455935934298296,291.4942875,127.3884889196676,0.0,164.10579858033236
2024-08,2024-08-01T00:00:00+02:00,2024-09-01T00:00:00+02:00,true,2976,revenue,"Best-case Energent PV revenue using the complete selected period in advance. The battery first preserves the best achievable PV supply to the customer. Remaining flexibility may inject stored PV at the configured fixed tariff. The battery never charges from the grid. Not a forecast, profit, or NPV.",37092.44,6602.365,3981.0650000000005,2242.26375,6223.328750000001,16.7778899150339,94.259083676834,379.0362500000001,30654.5404432133,2456.834556786704,240.8556094182828,4694.270460526316,23.47135230263158,143.0,93.0,50.0,34.96503496503497,3.9810650000000005,517.53845,2.24226375,291.4942875,6.22332875,809.0327374999999,21.50670373961219,1290.4022243767313,9.147836703601108,274.4351011080332,30.6545404432133,1564.8373254847647,2373.8700629847644,2201.0087000000003,172.86136298476413,7.8537337442039235,291.4942875,118.63292451523547,0.0,172.8613629847645
2024-08,2024-08-01T00:00:00+02:00,2024-09-01T00:00:00+02:00,true,2976,dynamic_injection,"Dynamic injection tariff. The battery first preserves the best achievable PV supply to the customer. Remaining battery flexibility may inject stored PV at the supplied dynamic price. The battery never charges from the grid. Not a forecast, profit, or NPV.",37092.44,6602.365,3981.0650000000005,2242.26375,6223.328750000001,16.7778899150339,94.259083676834,379.0362500000001,30444.614364713656,4514.858438834309,441.02510897055606,8594.759257469397,42.973796287346985,143.0,93.0,50.0,34.96503496503497,3.9810650000000005,517.53845,2.24226375,291.4942875,6.22332875,809.0327374999999,20.64380848898951,918.5814492804587,9.800805875724143,193.91960414345397,30.444614364713654,1112.5010534239127,1921.5337909239124,2201.0087000000003,-279.4749090760879,-12.69758311614524,291.4942875,29.46986804961397,0.0,262.02441945038606
2024-09,2024-09-01T00:00:00+02:00,2024-10-01T00:00:00+02:00,true,2880,no_battery,No battery,22779.24,8112.390000000001,4246.715,0.0,4246.715,18.64291784976145,52.348506420426034,3865.675,18532.525,0.0,0.0,0.0,0.0,105.6,105.6,0.0,0.0,4.246715,552.07295,0.0,0.0,4.246715,552.07295,10.498674999999999,629.9205,8.03385,241.0155,18.532525,870.936,1423.00895,1423.00895,0.0,0.0,0.0,0.0,0.0,0.0
2024-09,2024-09-01T00:00:00+02:00,2024-10-01T00:00:00+02:00,true,2880,reference,Simple reference controller. Chronological; uses only the current quarter-hour.,22779.24,8112.390000000001,4246.715,2509.0650625,6755.7800625,29.65761835118292,83.27730869078039,1356.6099375000003,15828.509141274237,2704.0158587257624,267.25684885734097,5209.936184210526,26.04968092105263,105.6,105.6,0.0,0.0,4.246715,552.07295,2.5090650625,326.1784581249999,6.7557800625,878.251408125,8.492480401662048,509.54882409972294,7.336028739612188,220.08086218836564,15.828509141274237,729.6296862880886,1607.8810944130887,1423.00895,184.8721444130888,12.991636097094737,326.1784581249999,141.3063137119114,0.0,184.87214441308853
2024-09,2024-09-01T00:00:00+02:00,2024-10-01T00:00:00+02:00,true,2880,self_consumption,Best-case self-consumption using the complete selected period in advance. Not a forecast or expected operational saving.,22779.24,8112.390000000001,4246.715,2580.9655,6827.6805,29.973258545939196,84.16361269613516,1284.7095000000002,15633.228047091412,2899.296952908587,280.80513711911385,5471.137894736843,27.355689473684215,105.6,60.838403846153845,44.76159615384615,42.387875145687644,4.246715,552.07295,2.5809654999999996,335.5255149999999,6.8276805000000005,887.5984649999999,8.42208469529086,505.32508171745155,7.211143351800553,216.3343005540166,15.633228047091412,721.6593822714681,1609.257847271468,1423.00895,186.2488972714682,13.088385513771238,335.5255149999999,149.27661772853185,0.0,186.2488972714681
2024-09,2024-09-01T00:00:00+02:00,2024-10-01T00:00:00+02:00,true,2880,peak_reduction,Best-case peak reduction using the complete selected period in advance. Not a forecast or expected operational saving.,22779.24,8112.390000000001,4246.715,2580.9654999999993,6827.6804999999995,29.973258545939192,84.16361269613515,1284.7095000000004,15684.862396121884,2847.662603878117,278.2234196675903,5422.085263157895,27.11042631578947,105.6,60.838403846153845,44.76159615384615,42.387875145687644,4.246715,552.07295,2.580965499999999,335.5255149999999,6.8276805000000005,887.5984649999998,8.453173822714682,507.1904293628809,7.231688573407202,216.95065720221606,15.684862396121884,724.1410865650969,1611.739551565097,1423.00895,188.730601565097,13.2627838753296,335.5255149999999,146.79491343490307,0.0,188.7306015650969
2024-09,2024-09-01T00:00:00+02:00,2024-10-01T00:00:00+02:00,true,2880,revenue,"Best-case Energent PV revenue using the complete selected period in advance. The battery first preserves the best achievable PV supply to the customer. Remaining flexibility may inject stored PV at the configured fixed tariff. The battery never charges from the grid. Not a forecast, profit, or NPV.",22779.24,8112.390000000001,4246.715,2580.9655,6827.6805,29.973258545939196,84.16361269613516,1284.7095000000002,15655.749238227145,2876.775761772854,279.67907756232717,5449.742763157895,27.248713815789475,105.6,60.838403846153845,44.76159615384615,42.387875145687644,4.246715,552.07295,2.5809654999999996,335.5255149999999,6.8276805000000005,887.5984649999999,8.473501038781164,508.4100623268698,7.182248199445983,215.4674459833795,15.655749238227145,723.8775083102493,1611.4759733102492,1423.00895,188.46702331024926,13.2442612753946,335.5255149999999,147.05849168975072,0.0,188.46702331024926
2024-09,2024-09-01T00:00:00+02:00,2024-10-01T00:00:00+02:00,true,2880,dynamic_injection,"Dynamic injection tariff. The battery first preserves the best achievable PV supply to the customer. Remaining battery flexibility may inject stored PV at the supplied dynamic price. The battery never charges from the grid. Not a forecast, profit, or NPV.",22779.24,8112.390000000001,4246.715,2580.9655,6827.6805,29.973258545939196,84.16361269613516,1284.7095000000002,15570.241960406192,3545.3080983980108,343.79122380433273,6698.559071166746,33.492795355833735,105.6,60.838403846153845,44.76159615384615,42.387875145687644,4.246715,552.07295,2.5809654999999996,335.5255149999999,6.8276805000000005,887.5984649999999,8.373907053537042,523.9761940523165,7.19633490686915,128.17694545378038,15.570241960406193,652.153139506097,1539.751604506097,1423.00895,116.7426545060971,8.203929743807803,335.5255149999999,86.84275623233844,0.0,248.68275876766154
2024-10,2024-10-01T00:00:00+02:00,2024-11-01T00:00:00+01:00,true,2980,no_battery,No battery,14569.98,11439.654999999999,5414.955,0.0,5414.955,37.165150535553245,47.33495022358629,6024.700000000001,9155.025000000001,0.0,0.0,0.0,0.0,103.4,103.4,0.0,0.0,5.414955,703.9441499999999,0.0,0.0,5.414955,703.9441499999999,5.4045749999999995,324.2745,3.75045,112.51350000000001,9.155025000000002,436.788,1140.7321499999998,1140.7321499999998,0.0,0.0,0.0,0.0,0.0,0.0
2024-10,2024-10-01T00:00:00+02:00,2024-11-01T00:00:00+01:00,true,2980,reference,Simple reference controller. Chronological; uses only the current quarter-hour.,14569.98,11439.654999999999,5414.955,2892.8979375,8307.8529375,57.02034551523063,72.62328223622129,3131.8020625000004,5900.605401662049,3254.4195983379504,314.9787661011083,6136.854342105264,30.684271710526318,103.4,103.4,0.0,0.0,5.414955,703.9441499999999,2.8928979375,376.0767318749999,8.3078529375,1080.0208818749998,2.89525595567867,173.71535734072023,3.005349445983379,90.16048337950137,5.900605401662049,263.87584072022156,1343.8967225952215,1140.7321499999998,203.16457259522167,17.810015488317894,376.0767318749999,172.9121592797784,0.0,203.1645725952215
2024-10,2024-10-01T00:00:00+02:00,2024-11-01T00:00:00+01:00,true,2980,self_consumption,Best-case self-consumption using the complete selected period in advance. Not a forecast or expected operational saving.,14569.98,11439.654999999999,5414.955,3069.5301249999993,8484.485125,58.23264771125286,74.16731645316227,2955.1698750000005,5768.869736842105,3386.155263157895,330.8619802631582,6447.931842105263,32.23965921052631,103.4,53.400000000000006,50.0,48.355899419729205,5.414955,703.9441499999999,3.069530124999999,399.03891624999994,8.484485124999999,1102.9830662499999,2.7987276315789473,167.92365789473683,2.970142105263158,89.10426315789474,5.768869736842105,257.02792105263154,1360.0109873026313,1140.7321499999998,219.27883730263147,19.222640240536002,399.03891624999994,179.7600789473684,0.0,219.27883730263147
2024-10,2024-10-01T00:00:00+02:00,2024-11-01T00:00:00+01:00,true,2980,peak_reduction,Best-case peak reduction using the complete selected period in advance. Not a forecast or expected operational saving.,14569.98,11439.654999999999,5414.955,3060.8291249999997,8475.784125,58.17292902941528,74.09125646708752,2963.8708750000005,5768.869736842104,3386.155263157895,330.40403289473716,6438.772894736841,32.19386447368421,103.4,53.400000000000006,50.0,48.355899419729205,5.414955,703.9441499999999,3.0608291249999997,397.90778624999996,8.475784124999999,1101.8519362499999,2.7947961218836563,167.68776731301938,2.9740736149584484,89.22220844875346,5.768869736842104,256.9099757617728,1358.7619120117727,1140.7321499999998,218.02976201177285,19.113142556013074,397.90778624999996,179.87802423822717,0.0,218.02976201177276
2024-10,2024-10-01T00:00:00+02:00,2024-11-01T00:00:00+01:00,true,2980,revenue,"Best-case Energent PV revenue using the complete selected period in advance. The battery first preserves the best achievable PV supply to the customer. Remaining flexibility may inject stored PV at the configured fixed tariff. The battery never charges from the grid. Not a forecast, profit, or NPV.",14569.98,11439.654999999999,5414.955,3069.5301249999993,8484.485125,58.23264771125286,74.16731645316227,2955.1698750000005,5768.869736842105,3386.155263157895,330.8619802631582,6447.931842105263,32.23965921052631,103.4,53.400000000000006,50.0,48.355899419729205,5.414955,703.9441499999999,3.069530124999999,399.03891624999994,8.484485124999999,1102.9830662499999,2.7994755540166207,167.96853324099723,2.969394182825485,89.08182548476454,5.768869736842105,257.0503587257617,1360.0334249757616,1140.7321499999998,219.30127497576177,19.22460719422713,399.03891624999994,179.73764127423826,0.0,219.30127497576166
2024-10,2024-10-01T00:00:00+02:00,2024-11-01T00:00:00+01:00,true,2980,dynamic_injection,"Dynamic injection tariff. The battery first preserves the best achievable PV supply to the customer. Remaining battery flexibility may inject stored PV at the supplied dynamic price. The battery never charges from the grid. Not a forecast, profit, or NPV.",14569.98,11439.654999999999,5414.955,3069.5301249999993,8484.485125,58.23264771125286,74.16731645316227,2955.1698750000005,5752.65552143652,3552.454908343374,347.0761956687424,6763.901167957672,33.81950583978836,103.4,53.400000000000006,50.0,48.355899419729205,5.414955,703.9441499999999,3.069530124999999,399.03891624999994,8.484485124999999,1102.9830662499999,2.7969882844529086,193.4525022240062,2.9556672369836123,105.65033762681638,5.75265552143652,299.1028398508226,1402.0859061008227,1140.7321499999998,261.3537561008229,22.91105375620587,399.03891624999994,200.78219286976787,0.0,198.25672338023205
2024-11,2024-11-01T00:00:00+01:00,2024-12-01T00:00:00+01:00,true,2880,no_battery,No battery,5152.74,13528.69,3198.59,0.0,3198.59,62.075517103521626,23.643013477284203,10330.1,1954.15,0.0,0.0,0.0,0.0,206.8,206.8,0.0,0.0,3.1985900000000003,415.8167,0.0,0.0,3.1985900000000003,415.8167,0.864325,51.8595,1.0898249999999998,32.69475,1.95415,84.55425,500.37094999999994,500.37094999999994,-5.684341886080802e-14,-1.1360255598533051e-14,0.0,0.0,0.0,0.0
2024-11,2024-11-01T00:00:00+01:00,2024-12-01T00:00:00+01:00,true,2880,reference,Simple reference controller. Chronological; uses only the current quarter-hour.,5152.74,13528.69,3198.59,1428.91975,4627.50975,89.8067775591239,34.20515770558716,8901.180250000001,418.67105263157896,1535.4789473684211,151.98025000000018,2962.831052631579,14.814155263157895,206.8,206.8,0.0,0.0,3.1985900000000003,415.8167,1.42891975,185.75956749999995,4.62750975,601.5762675,0.14088684210526314,8.45321052631579,0.2777842105263158,8.333526315789474,0.41867105263157894,16.786736842105263,618.3630043421052,500.37094999999994,117.99205434210523,23.580916186702133,185.75956749999995,67.76751315789473,0.0,117.99205434210523
2024-11,2024-11-01T00:00:00+01:00,2024-12-01T00:00:00+01:00,true,2880,self_consumption,Best-case self-consumption using the complete selected period in advance. Not a forecast or expected operational saving.,5152.74,13528.69,3198.59,1399.449625,4598.039625,89.23484641181197,33.98732342155819,8930.650375,358.7210526315789,1595.4289473684212,153.42669078947384,2988.7623684210525,14.943811842105262,206.8,156.800000004,49.999999996000014,24.177949707930374,3.1985900000000003,415.8167,1.399449625,181.92845124999997,4.598039624999999,597.7451512499999,0.09138684210526316,5.483210526315789,0.2673342105263158,8.020026315789472,0.35872105263157894,13.503236842105263,611.2483880921053,500.37094999999994,110.87743809210531,22.15904782084278,181.92845124999997,71.05101315789474,0.0,110.87743809210525
2024-11,2024-11-01T00:00:00+01:00,2024-12-01T00:00:00+01:00,true,2880,peak_reduction,Best-case peak reduction using the complete selected period in advance. Not a forecast or expected operational saving.,5152.74,13528.69,3198.59,1430.9424543933517,4629.532454393352,89.84603248744071,34.22010892697927,8899.157545606648,358.7210526315789,1595.4289473684212,155.08420812596603,3021.9127151508965,15.109563575754482,206.8,156.800000004,49.999999996000014,24.177949707930374,3.1985900000000003,415.8167,1.4309424543933518,186.02251907113572,4.6295324543933525,601.8392190711357,0.09138684210526316,5.48321052631579,0.2673342105263157,8.02002631578947,0.35872105263157894,13.503236842105261,615.342455913241,500.37094999999994,114.971505913241,22.977254357640266,186.02251907113572,71.05101315789474,0.0,114.97150591324097
2024-11,2024-11-01T00:00:00+01:00,2024-12-01T00:00:00+01:00,true,2880,revenue,"Best-case Energent PV revenue using the complete selected period in advance. The battery first preserves the best achievable PV supply to the customer. Remaining flexibility may inject stored PV at the configured fixed tariff. The battery never charges from the grid. Not a forecast, profit, or NPV.",5152.74,13528.69,3198.59,1399.449625,4598.039625,89.23484641181197,33.98732342155819,8930.650375,358.7210526315789,1595.4289473684212,153.42669078947384,2988.7623684210525,14.943811842105262,206.8,156.800000004,49.999999996000014,24.177949707930374,3.1985900000000003,415.8167,1.399449625,181.92845124999997,4.598039624999999,597.7451512499999,0.09138684210526316,5.483210526315789,0.2673342105263157,8.02002631578947,0.35872105263157894,13.50323684210526,611.2483880921053,500.37094999999994,110.87743809210531,22.15904782084278,181.92845124999997,71.05101315789474,0.0,110.87743809210525
2024-11,2024-11-01T00:00:00+01:00,2024-12-01T00:00:00+01:00,true,2880,dynamic_injection,"Dynamic injection tariff. The battery first preserves the best achievable PV supply to the customer. Remaining battery flexibility may inject stored PV at the supplied dynamic price. The battery never charges from the grid. Not a forecast, profit, or NPV.",5152.74,13528.69,3198.59,1399.449625,4598.039625,89.23484641181197,33.98732342155819,8930.650375,357.67177302631575,1606.1907894736842,154.47597039473698,3009.2098684210523,15.046049342105261,206.8,156.800000004,49.999999996000014,24.177949707930374,3.1985900000000003,415.8167,1.399449625,181.92845124999997,4.598039624999999,597.7451512499999,0.09138684210526318,10.706692315789475,0.2662849309210526,18.71089541503289,0.35767177302631575,29.41758773082237,627.1627389808223,500.37094999999994,126.79178898082233,25.339558377803975,181.92845124999997,150.91035417105263,0.0,31.01809707894735
2024-12,2024-12-01T00:00:00+01:00,2025-01-01T00:00:00+01:00,true,2976,no_battery,No battery,3234.7,14063.650000000001,1896.8249999999998,0.0,1896.8249999999998,58.639904782514606,13.487430361250455,12166.824999999999,1337.875,0.0,0.0,0.0,0.0,117.7,117.7,0.0,0.0,1.8968249999999998,246.58724999999998,0.0,0.0,1.8968249999999998,246.58724999999998,0.6237,37.422,0.7141750000000001,21.42525,1.337875,58.84725,305.4345,305.4345,5.684341886080802e-14,1.8610673928717292e-14,0.0,0.0,0.0,0.0
2024-12,2024-12-01T00:00:00+01:00,2025-01-01T00:00:00+01:00,true,2976,reference,Simple reference controller. Chronological; uses only the current quarter-hour.,3234.7,14063.650000000001,1896.8249999999998,1080.913625,2977.738625,92.05609871085419,21.173298716904927,11085.911375,152.8460526315789,1185.028947368421,116.14163815789485,2263.5813157894736,11.317906578947367,117.7,115.5,2.200000000000003,1.8691588785046753,1.8968249999999998,246.58724999999998,1.080913625,140.51877125,2.9777386249999998,387.10602124999997,0.035261842105263154,2.115710526315789,0.11758421052631576,3.5275263157894727,0.1528460526315789,5.643236842105262,392.74925809210526,305.4345,87.31475809210531,28.587064687226007,140.51877125,53.20401315789474,0.0,87.31475809210525
2024-12,2024-12-01T00:00:00+01:00,2025-01-01T00:00:00+01:00,true,2976,self_consumption,Best-case self-consumption using the complete selected period in advance. Not a forecast or expected operational saving.,3234.7,14063.650000000001,1896.8249999999998,1191.8896249999996,3088.7146249999996,95.48689600272048,21.962396852879582,10974.935375000001,122.48483379501381,1215.3901662049861,123.50054120498626,2409.2413157894734,12.046206578947368,117.7,81.14766549295776,36.55233450704225,31.05550935177761,1.8968249999999998,246.58724999999998,1.1918896249999995,154.94565124999997,3.0887146249999997,401.5329012499999,0.01298684210526315,0.779210526315789,0.10949799168975068,3.28493975069252,0.12248483379501382,4.064150277008308,405.59705152700826,305.4345,100.1625515270083,32.793463582865826,154.94565124999997,54.78309972299169,0.0,100.16255152700825
2024-12,2024-12-01T00:00:00+01:00,2025-01-01T00:00:00+01:00,true,2976,peak_reduction,Best-case peak reduction using the complete selected period in advance. Not a forecast or expected operational saving.,3234.7,14063.650000000001,1896.8249999999998,1169.097795606648,3065.922795606648,94.78229188507893,21.800334874706408,10997.727204393352,122.48483379501383,1215.3901662049861,122.30097123691512,2385.2499164280507,11.926249582140253,117.7,81.14766554095766,36.55233445904234,31.05550931099604,1.8968249999999998,246.58724999999998,1.1690977956066482,151.98271342886426,3.0659227956066486,398.56996342886424,0.012986842105263165,0.77921052631579,0.10949799168975066,3.28493975069252,0.12248483379501383,4.06415027700831,402.6341137058726,305.4345,97.19961370587265,31.823390516091884,151.98271342886426,54.78309972299169,0.0,97.19961370587258
2024-12,2024-12-01T00:00:00+01:00,2025-01-01T00:00:00+01:00,true,2976,revenue,"Best-case Energent PV revenue using the complete selected period in advance. The battery first preserves the best achievable PV supply to the customer. Remaining flexibility may inject stored PV at the configured fixed tariff. The battery never charges from the grid. Not a forecast, profit, or NPV.",3234.7,14063.650000000001,1896.8249999999998,1191.8896249999996,3088.7146249999996,95.48689600272048,21.962396852879582,10974.935375000001,122.48483379501386,1215.3901662049861,123.50054120498626,2409.2413157894734,12.046206578947368,117.7,81.14766549295776,36.55233450704225,31.05550935177761,1.8968249999999998,246.58724999999998,1.1918896249999995,154.94565124999997,3.0887146249999997,401.5329012499999,0.012986842105263182,0.7792105263157909,0.10949799168975065,3.28493975069252,0.12248483379501386,4.064150277008311,405.59705152700826,305.4345,100.1625515270083,32.793463582865826,154.94565124999997,54.78309972299169,0.0,100.16255152700825
2024-12,2024-12-01T00:00:00+01:00,2025-01-01T00:00:00+01:00,true,2976,dynamic_injection,"Dynamic injection tariff. The battery first preserves the best achievable PV supply to the customer. Remaining battery flexibility may inject stored PV at the supplied dynamic price. The battery never charges from the grid. Not a forecast, profit, or NPV.",3234.7,14063.650000000001,1896.8249999999998,1191.8896249999996,3088.7146249999996,95.48689600272048,21.962396852879582,10974.935375000001,122.48483379501387,1215.3901662049861,123.50054120498626,2409.241315789473,12.046206578947364,117.7,81.14766549295776,36.55233450704225,31.05550935177761,1.8968249999999998,246.58724999999998,1.1918896249999995,154.94565124999997,3.0887146249999997,401.5329012499999,0.012986842105263154,2.280088144736841,0.10949799168975073,11.502327360803328,0.12248483379501388,13.782415505540168,415.31531675554015,305.4345,109.88081675554014,35.975247313430586,154.94565124999997,125.22176574445983,0.0,29.723885505540117
